{"cameraMode":{"drawMode":0,"name":"Shaded","section":"Shading Mode"},"sceneLighting":false,"audioPlay":false,"sceneViewState":{"showFog":true,"showMaterialUpdate":false,"showSkybox":false,"showFlares":true,"showImageEffects":true,"showParticleSystems":true},"in2DMode":false,"pivot":{"x":-5.07493257522583,"y":-4.13807487487793,"z":1.5761313438415528},"rotation":{"x":-0.2382638305425644,"y":0.6284289956092835,"z":-0.2108987271785736,"w":-0.7098730206489563},"size":17.851764678955079,"orthographic":false}