{"cameraMode":{"drawMode":0,"name":"Shaded","section":"Shading Mode"},"sceneLighting":false,"audioPlay":false,"sceneViewState":{"showFog":true,"showMaterialUpdate":false,"showSkybox":false,"showFlares":true,"showImageEffects":true,"showParticleSystems":true},"in2DMode":false,"pivot":{"x":-1.0008541345596314,"y":-3.1550140380859377,"z":32.08219909667969},"rotation":{"x":0.2931745648384094,"y":0.4854696989059448,"z":-0.17693518102169038,"w":0.8044034242630005},"size":14.980121612548829,"orthographic":false}