{"cameraMode":{"drawMode":0,"name":"Shaded","section":"Shading Mode"},"sceneLighting":false,"audioPlay":false,"sceneViewState":{"showFog":true,"showMaterialUpdate":false,"showSkybox":false,"showFlares":true,"showImageEffects":true,"showParticleSystems":true},"in2DMode":false,"pivot":{"x":1.952096939086914,"y":-3.4813714027404787,"z":11.32560920715332},"rotation":{"x":0.17441441118717194,"y":-0.008068995550274849,"z":0.0014132888754829765,"w":0.9846789240837097},"size":19.30925941467285,"orthographic":false}