{"cameraMode":{"drawMode":0,"name":"Shaded","section":"Shading Mode"},"sceneLighting":false,"audioPlay":false,"sceneViewState":{"showFog":true,"showMaterialUpdate":false,"showSkybox":false,"showFlares":true,"showImageEffects":true,"showParticleSystems":true},"in2DMode":false,"pivot":{"x":-1.20447838306427,"y":-2.9901483058929445,"z":3.0848073959350588},"rotation":{"x":0.2652992308139801,"y":-0.2509026825428009,"z":0.0717073529958725,"w":0.9281988739967346},"size":9.206515312194825,"orthographic":false}