{"cameraMode":{"drawMode":2,"name":"Shaded Wireframe","section":"Shading Mode"},"sceneLighting":false,"audioPlay":false,"sceneViewState":{"showFog":true,"showMaterialUpdate":false,"showSkybox":false,"showFlares":true,"showImageEffects":true,"showParticleSystems":true},"in2DMode":false,"pivot":{"x":-0.4661896228790283,"y":-0.4029330015182495,"z":0.2914245128631592},"rotation":{"x":0.1943233609199524,"y":-0.4846835136413574,"z":0.11138587445020676,"w":0.845534086227417},"size":2.8578853607177736,"orthographic":false}