{"cameraMode":{"drawMode":0,"name":"Shaded","section":"Shading Mode"},"sceneLighting":false,"audioPlay":false,"sceneViewState":{"showFog":true,"showMaterialUpdate":false,"showSkybox":false,"showFlares":true,"showImageEffects":true,"showParticleSystems":true},"in2DMode":false,"pivot":{"x":9.704911231994629,"y":0.32218384742736819,"z":-3.576460838317871},"rotation":{"x":-0.0007647077436558902,"y":0.9939624667167664,"z":-0.10978060215711594,"w":-0.007852342911064625},"size":7.170034408569336,"orthographic":false}