{"cameraMode":{"drawMode":0,"name":"Shaded","section":"Shading Mode"},"sceneLighting":false,"audioPlay":false,"sceneViewState":{"showFog":true,"showMaterialUpdate":false,"showSkybox":false,"showFlares":true,"showImageEffects":true,"showParticleSystems":true},"in2DMode":false,"pivot":{"x":2.010552167892456,"y":-4.597874641418457,"z":7.411752700805664},"rotation":{"x":0.2807796001434326,"y":0.03675581142306328,"z":-0.01076545286923647,"w":0.9590474963188171},"size":15.37850284576416,"orthographic":false}