{"cameraMode":{"drawMode":0,"name":"Shaded","section":"Shading Mode"},"sceneLighting":true,"audioPlay":false,"sceneViewState":{"showFog":true,"showMaterialUpdate":false,"showSkybox":false,"showFlares":true,"showImageEffects":true,"showParticleSystems":true},"in2DMode":false,"pivot":{"x":26.0458984375,"y":-2.7268099784851076,"z":3.672581195831299},"rotation":{"x":-0.08296604454517365,"y":-0.6933370232582092,"z":0.08070632815361023,"w":-0.7113073468208313},"size":29.040542602539064,"orthographic":false}