{"cameraMode":{"drawMode":0,"name":"Shaded","section":"Shading Mode"},"sceneLighting":false,"audioPlay":false,"sceneViewState":{"showFog":true,"showMaterialUpdate":false,"showSkybox":false,"showFlares":true,"showImageEffects":true,"showParticleSystems":true},"in2DMode":false,"pivot":{"x":-4.902451515197754,"y":1.8598265647888184,"z":21.066360473632814},"rotation":{"x":0.0841636136174202,"y":-0.9054169058799744,"z":0.3573330044746399,"w":0.21323208510875703},"size":26.235408782958986,"orthographic":false}