{"cameraMode":{"drawMode":0,"name":"Shaded","section":"Shading Mode"},"sceneLighting":false,"audioPlay":false,"sceneViewState":{"showFog":true,"showMaterialUpdate":false,"showSkybox":false,"showFlares":true,"showImageEffects":true,"showParticleSystems":true},"in2DMode":false,"pivot":{"x":6.161351203918457,"y":-4.006313323974609,"z":-2.729374885559082},"rotation":{"x":0.17299522459506989,"y":-0.7722778916358948,"z":0.23711331188678742,"w":0.5634279251098633},"size":21.21428871154785,"orthographic":false}