{"cameraMode":{"drawMode":0,"name":"Shaded","section":"Shading Mode"},"sceneLighting":true,"audioPlay":false,"sceneViewState":{"showFog":true,"showMaterialUpdate":false,"showSkybox":false,"showFlares":true,"showImageEffects":true,"showParticleSystems":true},"in2DMode":false,"pivot":{"x":0.17425814270973206,"y":0.212624192237854,"z":0.10854150354862213},"rotation":{"x":0.25734105706214907,"y":0.2873357832431793,"z":-0.08045170456171036,"w":0.9191058874130249},"size":3.937128782272339,"orthographic":false}