{"cameraMode":{"drawMode":0,"name":"Shaded","section":"Shading Mode"},"sceneLighting":true,"audioPlay":false,"sceneViewState":{"showFog":false,"showMaterialUpdate":false,"showSkybox":false,"showFlares":false,"showImageEffects":false,"showParticleSystems":false},"in2DMode":false,"pivot":{"x":-1.5034704208374024,"y":-9.938161849975586,"z":14.722269058227539},"rotation":{"x":0.2949293553829193,"y":0.010031959973275662,"z":-0.0030986154451966287,"w":0.9554649591445923},"size":45.03616714477539,"orthographic":false}