{"cameraMode":{"drawMode":0,"name":"Shaded","section":"Shading Mode"},"sceneLighting":false,"audioPlay":false,"sceneViewState":{"showFog":true,"showMaterialUpdate":false,"showSkybox":false,"showFlares":true,"showImageEffects":true,"showParticleSystems":true},"in2DMode":false,"pivot":{"x":-0.5533820986747742,"y":0.07333734631538391,"z":-5.2825517654418949},"rotation":{"x":0.0005486863665282726,"y":-0.9903526306152344,"z":0.1388643980026245,"w":0.004063263535499573},"size":10.149751663208008,"orthographic":true}