{"cameraMode":{"drawMode":0,"name":"Shaded","section":"Shading Mode"},"sceneLighting":false,"audioPlay":false,"sceneViewState":{"showFog":true,"showMaterialUpdate":false,"showSkybox":false,"showFlares":true,"showImageEffects":true,"showParticleSystems":true},"in2DMode":false,"pivot":{"x":-1.9488658905029297,"y":3.4092392921447756,"z":0.0007266998291015625},"rotation":{"x":-0.13153952360153199,"y":0.3782663643360138,"z":-0.054363396018743518,"w":-0.91473788022995},"size":21.224349975585939,"orthographic":false}