{"cameraMode":{"drawMode":0,"name":"Shaded","section":"Shading Mode"},"sceneLighting":true,"audioPlay":false,"sceneViewState":{"showFog":false,"showMaterialUpdate":false,"showSkybox":false,"showFlares":false,"showImageEffects":false,"showParticleSystems":false},"in2DMode":false,"pivot":{"x":5.851142406463623,"y":-0.1802438497543335,"z":16.431947708129884},"rotation":{"x":0.12089762836694718,"y":0.5977805256843567,"z":-0.09181340038776398,"w":0.7871590256690979},"size":5.982137203216553,"orthographic":false}