{"cameraMode":{"drawMode":0,"name":"Shaded","section":"Shading Mode"},"sceneLighting":false,"audioPlay":false,"sceneViewState":{"showFog":true,"showMaterialUpdate":false,"showSkybox":false,"showFlares":true,"showImageEffects":true,"showParticleSystems":true},"in2DMode":false,"pivot":{"x":-9.16293716430664,"y":-15.106523513793946,"z":21.736330032348634},"rotation":{"x":-0.3016199767589569,"y":0.18117810785770417,"z":-0.05872226879000664,"w":-0.9343075752258301},"size":34.48408889770508,"orthographic":false}