{"cameraMode":{"drawMode":0,"name":"Shaded","section":"Shading Mode"},"sceneLighting":false,"audioPlay":false,"sceneViewState":{"showFog":true,"showMaterialUpdate":false,"showSkybox":false,"showFlares":true,"showImageEffects":true,"showParticleSystems":true},"in2DMode":false,"pivot":{"x":-1.5151467323303223,"y":-0.008494963869452477,"z":27.565662384033204},"rotation":{"x":0.15707702934741975,"y":-0.6286758184432983,"z":0.1316279172897339,"w":0.7501868009567261},"size":18.598846435546876,"orthographic":false}