{"cameraMode":{"drawMode":0,"name":"Shaded","section":"Shading Mode"},"sceneLighting":false,"audioPlay":false,"sceneViewState":{"showFog":true,"showMaterialUpdate":false,"showSkybox":false,"showFlares":true,"showImageEffects":true,"showParticleSystems":true},"in2DMode":false,"pivot":{"x":-0.3417782783508301,"y":-0.4352756142616272,"z":-1.2369760274887086},"rotation":{"x":0.040020156651735309,"y":-0.9346553087234497,"z":0.3352530598640442,"w":0.11155655980110169},"size":5.899247169494629,"orthographic":false}