{"cameraMode":{"drawMode":0,"name":"Shaded","section":"Shading Mode"},"sceneLighting":false,"audioPlay":false,"sceneViewState":{"showFog":true,"showMaterialUpdate":false,"showSkybox":false,"showFlares":true,"showImageEffects":true,"showParticleSystems":true},"in2DMode":false,"pivot":{"x":10.831611633300782,"y":0.845483660697937,"z":-1.8559191226959229},"rotation":{"x":0.020802002400159837,"y":0.9770214557647705,"z":-0.11335048824548722,"w":0.1793026179075241},"size":5.337035655975342,"orthographic":false}