{"cameraMode":{"drawMode":0,"name":"Shaded","section":"Shading Mode"},"sceneLighting":true,"audioPlay":false,"sceneViewState":{"showFog":true,"showMaterialUpdate":false,"showSkybox":false,"showFlares":true,"showImageEffects":true,"showParticleSystems":true},"in2DMode":false,"pivot":{"x":0.4688323140144348,"y":-0.24605974555015565,"z":31.689842224121095},"rotation":{"x":0.048422299325466159,"y":0.31226226687431338,"z":-0.01593967154622078,"w":0.9486339688301086},"size":3.6757712364196779,"orthographic":false}