{"cameraMode":{"drawMode":0,"name":"Shaded","section":"Shading Mode"},"sceneLighting":false,"audioPlay":false,"sceneViewState":{"showFog":true,"showMaterialUpdate":false,"showSkybox":false,"showFlares":true,"showImageEffects":true,"showParticleSystems":true},"in2DMode":false,"pivot":{"x":-8.000197410583496,"y":-9.092063903808594,"z":-1.0367666482925416},"rotation":{"x":-0.3366965055465698,"y":0.5863549709320068,"z":-0.29186633229255679,"w":-0.6765628457069397},"size":18.502166748046876,"orthographic":false}