{"cameraMode":{"drawMode":0,"name":"Shaded","section":"Shading Mode"},"sceneLighting":false,"audioPlay":false,"sceneViewState":{"showFog":true,"showMaterialUpdate":false,"showSkybox":false,"showFlares":true,"showImageEffects":true,"showParticleSystems":true},"in2DMode":false,"pivot":{"x":1.852036476135254,"y":-1.642639398574829,"z":-0.16770797967910767},"rotation":{"x":-0.2778869867324829,"y":-0.6567859053611755,"z":0.28491848707199099,"w":-0.6405694484710693},"size":7.458326816558838,"orthographic":false}