{"cameraMode":{"drawMode":0,"name":"Shaded","section":"Shading Mode"},"sceneLighting":false,"audioPlay":false,"sceneViewState":{"showFog":true,"showMaterialUpdate":false,"showSkybox":false,"showFlares":true,"showImageEffects":true,"showParticleSystems":true},"in2DMode":false,"pivot":{"x":-23.073745727539064,"y":-22.15583038330078,"z":22.230236053466798},"rotation":{"x":-0.25569310784339907,"y":0.6130446195602417,"z":-0.21968357264995576,"w":-0.7146449685096741},"size":57.4236946105957,"orthographic":false}