{"cameraMode":{"drawMode":0,"name":"Shaded","section":"Shading Mode"},"sceneLighting":true,"audioPlay":false,"sceneViewState":{"showFog":true,"showMaterialUpdate":false,"showSkybox":false,"showFlares":true,"showImageEffects":true,"showParticleSystems":true},"in2DMode":false,"pivot":{"x":-0.6289157867431641,"y":-1.8578360080718995,"z":3.1635546684265138},"rotation":{"x":-0.3474969267845154,"y":-0.6526313424110413,"z":0.47629252076148989,"w":-0.4760044813156128},"size":17.19576644897461,"orthographic":false}