{"cameraMode":{"drawMode":0,"name":"Shaded","section":"Shading Mode"},"sceneLighting":false,"audioPlay":false,"sceneViewState":{"showFog":true,"showMaterialUpdate":false,"showSkybox":false,"showFlares":true,"showImageEffects":true,"showParticleSystems":true},"in2DMode":false,"pivot":{"x":-1.1967711448669434,"y":1.1870818138122559,"z":0.5571135878562927},"rotation":{"x":-0.20960570871829987,"y":0.6481503844261169,"z":-0.19241508841514588,"w":-0.7064390778541565},"size":8.836559295654297,"orthographic":false}