{"cameraMode":{"drawMode":0,"name":"Shaded","section":"Shading Mode"},"sceneLighting":false,"audioPlay":false,"sceneViewState":{"showFog":true,"showMaterialUpdate":false,"showSkybox":false,"showFlares":true,"showImageEffects":true,"showParticleSystems":true},"in2DMode":false,"pivot":{"x":0.0032862811349332334,"y":-0.005348681937903166,"z":-0.004319227300584316},"rotation":{"x":-0.3750574588775635,"y":0.06125573441386223,"z":-0.024749169126152993,"w":-0.9247260093688965},"size":0.3562982678413391,"orthographic":false}