{"cameraMode":{"drawMode":0,"name":"Shaded","section":"Shading Mode"},"sceneLighting":false,"audioPlay":false,"sceneViewState":{"showFog":true,"showMaterialUpdate":false,"showSkybox":false,"showFlares":true,"showImageEffects":true,"showParticleSystems":true},"in2DMode":false,"pivot":{"x":1.1040232181549073,"y":-4.763351917266846,"z":1.3112337589263917},"rotation":{"x":-0.49447283148765566,"y":0.5052729845046997,"z":-0.5118141174316406,"w":-0.4881931245326996},"size":14.045835494995118,"orthographic":false}